id,first_name,last_name,email_address,address_id
1,Francesca,Yates,francesca@email.com,1
2,Lilah,Ramos,lilah@email.com,2
3,Brice,Richards,brice@email.com,3
4,Zain,Short,zain@email.com,4
5,Jamir,Mullen,jamir@email.com,5
6,Makai,Gross,makai@email.com,6
7,Mariela,Bruce,mariela@email.com,7
8,Nora,Middleton,nora@email.com,8
9,Natalia,Reilly,natalia@email.com,9
10,Arely,Stephens,arely@email.com,10
11,Aarav,Ware,aarav@email.com,11
12,Walker,Roberson,walker@email.com,12
13,Marquis,York,marquis@email.com,13
14,Dario,Andersen,dario@email.com,14
15,Liam,Golden,liam@email.com,15
16,Tomas,Daugherty,tomas@email.com,16
17,Sasha,Lewis,sasha@email.com,17
18,Hadley,Koch,hadley@email.com,18
19,Jesse,Mcguire,jesse@email.com,19
20,Andre,Singh,andre@email.com,20
